username,firstname,lastname,email,password
blobesponja,Blob,Esponja,blobesponja@elpuig.xeill.net,Abc123!
jsongoku,JSON,Goku,jsongoku@elpuig.xeill.net,Abc123!
canceligretel,Cancel,Gretel,canceligretel@elpuig.xeill.net,Abc123!
davidelgnome,David,Gnome,davidelgnome@elpuig.xeill.net,Abc123!
ritahardware,Rita,Hardware,trritahardwarees@elpuig.xeill.net,Abc123!
username,firstname,lastname,email,password
blobe,Blobes,bloblees,blobes@elpuig.xeill.net,Abc123!
json,JSON,Jonson,joson@elpuig.xeill.net,Abc123!
cancelo n,Cancelo,Gretel,cancelon@elpuig.xeill.net,Abc123!
davidnoel,David,Gnome,davidnoel@elpuig.xeill.net,Abc123!
sergiohardware,Sergio,Hardware,sergiorodri@elpuig.xeill.net,Abc123!
